Ks,Specificity,Balanced Accuracy,Precision,Recall,F1 Score,NPV,Iterations
29.4,0.741758241758242,0.615879120879121,0.417142857142857,0.49,0.40987012987013,0.828636363636364,756
1.14017542509914,0.184904600774328,0.0607703236990128,0.163666881416377,0.194935886896179,0.105000622443119,0.0497768205502873,171.260036202262
