Ks,Specificity,Balanced Accuracy,Precision,Recall,F1 Score,NPV,Iterations
30,0.776923076923077,0.613461538461538,0.388333333333333,0.45,0.406593406593407,0.817179487179487,758
0.707106781186548,0.0988705691584665,0.0892707087982495,0.068617296167463,0.220794021658196,0.131996274734917,0.057188685013931,106.395488626163
